{
    "input_channel_names": [
        "ws",
        "ti",
        "shear",
        "wdir",
        "dist"
    ],
    "output_channel_name": "Aero rotor thrust",
    "wind_speed_cut_in": 4.0,
    "wind_speed_cut_out": 25.0,
    "wohler_exponent": NaN,
    "input_scalers": {
        "below_cut_in": {
            "feature_range": [
                -4.0,
                4.0
            ],
            "copy": true,
            "clip": false,
            "n_features_in_": 5,
            "n_samples_seen_": 6203,
            "scale_": [
                2.051864810456119,
                5.358869141836656,
                13.348190318546951,
                0.044444444444444446,
                0.01609657947686117
            ],
            "min_": [
                -4.205486989984225,
                -4.004331756128898,
                -2.6730021734100786,
                0.0,
                -4.048289738430584
            ],
            "data_min_": [
                0.1001464565,
                0.000808334,
                -0.0994140625,
                -90.0,
                3.0
            ],
            "data_max_": [
                3.9990388003,
                1.4936606109,
                0.4999181173,
                90.0,
                500.0
            ],
            "data_range_": [
                3.8988923438,
                1.4928522768999999,
                0.5993321798,
                180.0,
                497.0
            ]
        },
        "above_cut_out": {
            "feature_range": [
                -4.0,
                4.0
            ],
            "copy": true,
            "clip": false,
            "n_features_in_": 5,
            "n_samples_seen_": 2568,
            "scale_": [
                1.6295575759017566,
                22.69043962670334,
                13.368788338155802,
                0.044444444444444446,
                0.01609657947686117
            ],
            "min_": [
                -44.79174013292665,
                -4.037630991365521,
                -2.6631856024073306,
                0.0,
                -4.048289738430584
            ],
            "data_min_": [
                25.0324018839,
                0.0016584514,
                -0.0999951801,
                -90.0,
                3.0
            ],
            "data_max_": [
                29.941709857,
                0.3542298485,
                0.498413576,
                90.0,
                500.0
            ],
            "data_range_": [
                4.909307973099999,
                0.3525713971,
                0.5984087561,
                180.0,
                497.0
            ]
        },
        "operating": {
            "feature_range": [
                -4.0,
                4.0
            ],
            "copy": true,
            "clip": false,
            "n_features_in_": 5,
            "n_samples_seen_": 31229,
            "scale_": [
                0.38109906402036964,
                15.277965481111076,
                13.340671569840397,
                0.044444444444444446,
                0.01609657947686117
            ],
            "min_": [
                -5.524720854655894,
                -4.0008155118248405,
                -2.667707551220829,
                0.0,
                -4.048289738430584
            ],
            "data_min_": [
                4.0008517433,
                5.33783e-05,
                -0.0998669701,
                -90.0,
                3.0
            ],
            "data_max_": [
                24.9927689514,
                0.5236833086,
                0.4998029909,
                90.0,
                500.0
            ],
            "data_range_": [
                20.9919172081,
                0.5236299303,
                0.599669961,
                180.0,
                497.0
            ]
        }
    },
    "output_scalers": {
        "below_cut_in": {
            "feature_range": [
                -1.0,
                1.0
            ],
            "copy": true,
            "clip": false,
            "n_features_in_": 1,
            "n_samples_seen_": 6203,
            "scale_": [
                0.06880477820330319
            ],
            "min_": [
                1.002513780238258
            ],
            "data_min_": [
                -29.104283634506668
            ],
            "data_max_": [
                -0.0365349660866666
            ],
            "data_range_": [
                29.067748668420002
            ]
        },
        "above_cut_out": {
            "feature_range": [
                -1.0,
                1.0
            ],
            "copy": true,
            "clip": false,
            "n_features_in_": 1,
            "n_samples_seen_": 2568,
            "scale_": [
                0.09448551459962802
            ],
            "min_": [
                -1.0408081157851836
            ],
            "data_min_": [
                0.4318981164266666
            ],
            "data_max_": [
                21.599163897586667
            ],
            "data_range_": [
                21.16726578116
            ]
        },
        "operating": {
            "feature_range": [
                -1.0,
                1.0
            ],
            "copy": true,
            "clip": false,
            "n_features_in_": 1,
            "n_samples_seen_": 31229,
            "scale_": [
                0.003895145508066384
            ],
            "min_": [
                -1.191737768473194
            ],
            "data_min_": [
                49.22480253334
            ],
            "data_max_": [
                562.6844398840468
            ],
            "data_range_": [
                513.4596373507068
            ]
        }
    }
}