{
    "input_channel_names": [
        "ws",
        "ti",
        "shear",
        "wdir",
        "dist"
    ],
    "output_channel_name": "Aero rotor thrust",
    "wind_speed_cut_in": 4.0,
    "wind_speed_cut_out": 25.0,
    "wohler_exponent": NaN,
    "input_scalers": {
        "below_cut_in": {
            "feature_range": [
                -4.0,
                4.0
            ],
            "copy": true,
            "clip": false,
            "n_features_in_": 5,
            "n_samples_seen_": 6230,
            "scale_": [
                2.0160628222315164,
                2.711058701361244,
                13.348190318546951,
                0.044444444444444446,
                0.01609657947686117
            ],
            "min_": [
                -4.058590621670863,
                -4.002191440924306,
                -2.6730021734100786,
                0.0,
                -4.048289738430584
            ],
            "data_min_": [
                0.0290619027466666,
                0.000808334,
                -0.0994140625,
                -90.0,
                3.0
            ],
            "data_max_": [
                3.9971922168333336,
                2.9516850509014585,
                0.4999181173,
                90.0,
                500.0
            ],
            "data_range_": [
                3.968130314086667,
                2.9508767169014587,
                0.5993321798,
                180.0,
                497.0
            ]
        },
        "above_cut_out": {
            "feature_range": [
                -4.0,
                4.0
            ],
            "copy": true,
            "clip": false,
            "n_features_in_": 5,
            "n_samples_seen_": 2562,
            "scale_": [
                1.5635578195642656,
                22.618360929032203,
                13.392293770460734,
                0.044444444444444446,
                0.01609657947686117
            ],
            "min_": [
                -43.107408024672466,
                -4.0375114523484585,
                -2.660835172470671,
                0.0,
                -4.048289738430584
            ],
            "data_min_": [
                25.01180802867333,
                0.0016584514,
                -0.0999951801,
                -90.0,
                3.0
            ],
            "data_max_": [
                30.12834411061333,
                0.3553533997254313,
                0.4973632812,
                90.0,
                500.0
            ],
            "data_range_": [
                5.116536081940001,
                0.3536949483254313,
                0.5973584613,
                180.0,
                497.0
            ]
        },
        "operating": {
            "feature_range": [
                -4.0,
                4.0
            ],
            "copy": true,
            "clip": false,
            "n_features_in_": 5,
            "n_samples_seen_": 31173,
            "scale_": [
                0.38120141472392255,
                13.381056131682225,
                13.340671569840397,
                0.044444444444444446,
                0.01609657947686117
            ],
            "min_": [
                -5.526786434791922,
                -4.000929342448563,
                -2.667707551220829,
                0.0,
                -4.048289738430584
            ],
            "data_min_": [
                4.005196139940001,
                6.94521e-05,
                -0.0998669701,
                -90.0,
                3.0
            ],
            "data_max_": [
                24.99147712159333,
                0.5979295852070169,
                0.4998029909,
                90.0,
                500.0
            ],
            "data_range_": [
                20.98628098165333,
                0.5978601331070169,
                0.599669961,
                180.0,
                497.0
            ]
        }
    },
    "output_scalers": {
        "below_cut_in": {
            "feature_range": [
                -1.0,
                1.0
            ],
            "copy": true,
            "clip": false,
            "n_features_in_": 1,
            "n_samples_seen_": 6230,
            "scale_": [
                0.008733261825959189
            ],
            "min_": [
                -0.7458246707628742
            ],
            "data_min_": [
                -29.104283634506668
            ],
            "data_max_": [
                199.90522505273995
            ],
            "data_range_": [
                229.0095086872466
            ]
        },
        "above_cut_out": {
            "feature_range": [
                -1.0,
                1.0
            ],
            "copy": true,
            "clip": false,
            "n_features_in_": 1,
            "n_samples_seen_": 2562,
            "scale_": [
                0.09448551459962802
            ],
            "min_": [
                -1.0408081157851836
            ],
            "data_min_": [
                0.4318981164266666
            ],
            "data_max_": [
                21.599163897586667
            ],
            "data_range_": [
                21.16726578116
            ]
        },
        "operating": {
            "feature_range": [
                -1.0,
                1.0
            ],
            "copy": true,
            "clip": false,
            "n_features_in_": 1,
            "n_samples_seen_": 31173,
            "scale_": [
                0.0036141755907280002
            ],
            "min_": [
                -1.0336403679113786
            ],
            "data_min_": [
                9.307895277053335
            ],
            "data_max_": [
                562.6844398840468
            ],
            "data_range_": [
                553.3765446069934
            ]
        }
    }
}