{
    "input_channel_names": [
        "yaw",
        "ti",
        "ct",
        "x",
        "y",
        "z"
    ],
    "output_channel_name": "U",
    "input_scalers": {
        "main": {
            "feature_range": [
                -4.0,
                4.0
            ],
            "copy": true,
            "clip": false,
            "n_features_in_": 6,
            "n_samples_seen_": 14824656,
            "scale_": [
                0.20000000298023224,
                53.33333206176758,
                8.0,
                0.001559402677230537,
                0.008261142298579216,
                0.0360734649002552
            ],
            "min_": [
                0.0,
                -6.6666669845581055,
                -10.51200008392334,
                -3.391822338104248,
                0.0,
                -4.785840034484863
            ],
            "data_min_": [
                -20.0,
                0.05000000074505806,
                0.8140000104904175,
                -390.00677490234375,
                -484.1945495605469,
                21.784439086914062
            ],
            "data_max_": [
                20.0,
                0.20000000298023224,
                0.8140000104904175,
                4740.16259765625,
                484.1945495605469,
                243.55410766601562
            ],
            "data_range_": [
                40.0,
                0.15000000596046448,
                0.0,
                5130.16943359375,
                968.3890991210938,
                221.76966857910156
            ]
        }
    },
    "data_path": "./../data/db_yaw2deg_8cD.nc",
    "output_scalers": {
        "main": {
            "feature_range": [
                -1.0,
                1.0
            ],
            "copy": true,
            "clip": false,
            "n_features_in_": 1,
            "n_samples_seen_": 14824656,
            "scale_": [
                2.4975697994232178
            ],
            "min_": [
                -0.5094836950302124
            ],
            "data_min_": [
                -0.19639742374420166
            ],
            "data_max_": [
                0.6043809652328491
            ],
            "data_range_": [
                0.8007783889770508
            ]
        }
    },
    "xyz_range": {
        "x": [
            -400,
            5000
        ],
        "y": [
            -500,
            500
        ],
        "z": [
            20,
            250
        ]
    },
    "ti_ct_yaw_range": {
        "ti": [
            -1000000.0,
            1000000.0
        ],
        "ct": [
            -1000000.0,
            1000000.0
        ],
        "yaw": [
            -1000000.0,
            1000000.0
        ]
    },
    "tf_seeds": {
        "os": 0,
        "random": 1,
        "np": 2,
        "tf": 3,
        "inter": 1,
        "intra": 1,
        "rng": 12345
    }
}