{
    "input_channel_names": [
        "yaw",
        "ti",
        "ct",
        "x",
        "y",
        "z"
    ],
    "output_channel_name": "U",
    "input_scalers": {
        "main": {
            "feature_range": [
                -4.0,
                4.0
            ],
            "copy": true,
            "clip": false,
            "n_features_in_": 6,
            "n_samples_seen_": 34681651,
            "scale_": [
                0.800000011920929,
                8.0,
                8.667388916015625,
                4.545134652289562e-05,
                4.653075666283257e-05,
                0.0018403346184641123
            ],
            "min_": [
                -4.0,
                -4.400000095367432,
                -4.0,
                -0.06483173370361328,
                0.0,
                -4.000479698181152
            ],
            "data_min_": [
                0.0,
                0.05000000074505806,
                0.0,
                -86579.796875,
                -85964.6484375,
                0.2606790065765381
            ],
            "data_max_": [
                10.0,
                0.05000000074505806,
                0.9229999780654907,
                89432.59375,
                85964.6484375,
                4347.29638671875
            ],
            "data_range_": [
                10.0,
                0.0,
                0.9229999780654907,
                176012.390625,
                171929.296875,
                4347.03564453125
            ]
        }
    },
    "data_path": "./../data/LUT_DTU10MW.nc",
    "output_scalers": {
        "main": {
            "feature_range": [
                -1.0,
                1.0
            ],
            "copy": true,
            "clip": false,
            "n_features_in_": 1,
            "n_samples_seen_": 34681651,
            "scale_": [
                2.322061061859131
            ],
            "min_": [
                -0.47521156072616577
            ],
            "data_min_": [
                -0.22600114345550537
            ],
            "data_max_": [
                0.6353026628494263
            ],
            "data_range_": [
                0.8613038063049316
            ]
        }
    }
}