{
    "input_channel_names": [
        "ws",
        "ti",
        "shear",
        "wdir",
        "dist"
    ],
    "output_channel_name": "MomentMz Mbdy:shaft nodenr:   3 coo: shaft  main bearing moment",
    "wind_speed_cut_in": 4.0,
    "wind_speed_cut_out": 25.0,
    "wohler_exponent": 7.0,
    "input_scalers": {
        "below_cut_in": {
            "feature_range": [
                -4.0,
                4.0
            ],
            "copy": true,
            "clip": false,
            "n_features_in_": 5,
            "n_samples_seen_": 6212,
            "scale_": [
                2.0202625711376796,
                2.711058701361244,
                13.348190318546951,
                0.044444444444444446,
                0.01609657947686117
            ],
            "min_": [
                -4.078284424036697,
                -4.002191440924306,
                -2.6730021734100786,
                0.0,
                -4.048289738430584
            ],
            "data_min_": [
                0.0387496284666666,
                0.000808334,
                -0.0994140625,
                -90.0,
                3.0
            ],
            "data_max_": [
                3.99863094008,
                2.9516850509014585,
                0.4999181173,
                90.0,
                500.0
            ],
            "data_range_": [
                3.9598813116133336,
                2.9508767169014587,
                0.5993321798,
                180.0,
                497.0
            ]
        },
        "above_cut_out": {
            "feature_range": [
                -4.0,
                4.0
            ],
            "copy": true,
            "clip": false,
            "n_features_in_": 5,
            "n_samples_seen_": 2537,
            "scale_": [
                1.5981350318071113,
                22.618360929032203,
                13.392293770460734,
                0.044444444444444446,
                0.01609657947686117
            ],
            "min_": [
                -43.955913256139446,
                -4.0375114523484585,
                -2.660835172470671,
                0.0,
                -4.048289738430584
            ],
            "data_min_": [
                25.001587763806665,
                0.0016584514,
                -0.0999951801,
                -90.0,
                3.0
            ],
            "data_max_": [
                30.00742259051333,
                0.3553533997254313,
                0.4973632812,
                90.0,
                500.0
            ],
            "data_range_": [
                5.005834826706664,
                0.3536949483254313,
                0.5973584613,
                180.0,
                497.0
            ]
        },
        "operating": {
            "feature_range": [
                -4.0,
                4.0
            ],
            "copy": true,
            "clip": false,
            "n_features_in_": 5,
            "n_samples_seen_": 31216,
            "scale_": [
                0.38130354974147107,
                13.381056131682225,
                13.340671569840397,
                0.044444444444444446,
                0.01609657947686117
            ],
            "min_": [
                -5.525968481766564,
                -4.000929342448563,
                -2.667707551220829,
                0.0,
                -4.048289738430584
            ],
            "data_min_": [
                4.00197816884,
                6.94521e-05,
                -0.0998669701,
                -90.0,
                3.0
            ],
            "data_max_": [
                24.982637817626664,
                0.5979295852070169,
                0.4998029909,
                90.0,
                500.0
            ],
            "data_range_": [
                20.980659648786663,
                0.5978601331070169,
                0.599669961,
                180.0,
                497.0
            ]
        }
    },
    "output_scalers": {
        "below_cut_in": {
            "feature_range": [
                -1.0,
                1.0
            ],
            "copy": true,
            "clip": false,
            "n_features_in_": 1,
            "n_samples_seen_": 6213,
            "scale_": [
                0.0046719684120020985
            ],
            "min_": [
                -1.0
            ],
            "data_min_": [
                0.0
            ],
            "data_max_": [
                428.0850861196066
            ],
            "data_range_": [
                428.0850861196066
            ]
        },
        "above_cut_out": {
            "feature_range": [
                -1.0,
                1.0
            ],
            "copy": true,
            "clip": false,
            "n_features_in_": 1,
            "n_samples_seen_": 2538,
            "scale_": [
                0.009735746428793218
            ],
            "min_": [
                -1.0
            ],
            "data_min_": [
                0.0
            ],
            "data_max_": [
                205.42852205816
            ],
            "data_range_": [
                205.42852205816
            ]
        },
        "operating": {
            "feature_range": [
                -1.0,
                1.0
            ],
            "copy": true,
            "clip": false,
            "n_features_in_": 1,
            "n_samples_seen_": 31217,
            "scale_": [
                0.0020279190427594036
            ],
            "min_": [
                -1.0
            ],
            "data_min_": [
                0.0
            ],
            "data_max_": [
                986.23266404096
            ],
            "data_range_": [
                986.23266404096
            ]
        }
    }
}